{"count":1,"self":9.3532111999999987,"total":32.124117,"children":{"InitializeActuators":{"count":8,"self":0.0016339999999999998,"total":0.0016339999999999998,"children":null},"InitializeSensors":{"count":8,"self":0.0029349999999999997,"total":0.0029349999999999997,"children":null},"AgentSendState":{"count":3850,"self":0.685468,"total":2.735194,"children":{"CollectObservations":{"count":10272,"self":0.006129,"total":0.006129,"children":null},"WriteActionMask":{"count":10272,"self":0.0066999999999999994,"total":0.0066999999999999994,"children":null},"RequestDecision":{"count":10272,"self":0.031111999999999997,"total":2.0368969999999997,"children":{"AgentInfo.ToProto":{"count":10272,"self":0.029738999999999998,"total":2.005785,"children":{"GenerateSensorData":{"count":10272,"self":1.9443759999999999,"total":1.976046,"children":{"RayPerceptionSensor.Perceive":{"count":20544,"self":0.03167,"total":0.03167,"children":null}}}}}}}}},"DecideAction":{"count":3850,"self":19.7652736,"total":19.765273999999998,"children":null},"AgentAct":{"count":3850,"self":0.261142,"total":0.261142,"children":null},"AgentInfo.ToProto":{"count":14,"self":9.9999999999999991E-05,"total":0.003842,"children":{"GenerateSensorData":{"count":14,"self":0.003698,"total":0.0037419999999999997,"children":{"RayPerceptionSensor.Perceive":{"count":28,"self":4.4E-05,"total":4.4E-05,"children":null}}}}}},"gauges":{"RobotWave.CumulativeReward":{"count":14,"max":-2.277403,"min":-6.82573557,"runningAverage":-4.50651264,"value":-3.247812,"weightedAverage":-3.88273263}},"metadata":{"timer_format_version":"0.1.0","start_time_seconds":"1698956519","unity_version":"2022.3.5f1","command_line_arguments":"\/usr\/src\/unity\/unity_envs\/1\/env.x86_64 -nographics -batchmode --mlagents-port 5002 -logFile \/usr\/src\/results\/e599ae4d-43b7-4ece-a989-c1aa503e4d12\/run_logs\/Player-0.log","communication_protocol_version":"1.5.0","com.unity.ml-agents_version":"2.3.0-exp.3","scene_name":"Academy","end_time_seconds":"1698956551"}}