{"count":1,"self":11.685964,"total":78.553668,"children":{"InitializeActuators":{"count":8,"self":0.002787,"total":0.002787,"children":null},"InitializeSensors":{"count":8,"self":0.0028729999999999997,"total":0.0028729999999999997,"children":null},"AgentSendState":{"count":3883,"self":1.1821139999999999,"total":5.143618,"children":{"CollectObservations":{"count":10360,"self":0.013817999999999999,"total":0.013817999999999999,"children":null},"WriteActionMask":{"count":10360,"self":0.013441,"total":0.013441,"children":null},"RequestDecision":{"count":10360,"self":0.067111999999999991,"total":3.9342449999999998,"children":{"AgentInfo.ToProto":{"count":10360,"self":0.092200999999999991,"total":3.867133,"children":{"GenerateSensorData":{"count":10360,"self":3.7241031999999996,"total":3.7749319999999997,"children":{"RayPerceptionSensor.Perceive":{"count":20720,"self":0.050829,"total":0.050829,"children":null}}}}}}}}},"DecideAction":{"count":3883,"self":61.271033599999996,"total":61.271035999999995,"children":null},"AgentAct":{"count":3883,"self":0.439228,"total":0.439228,"children":null},"AgentInfo.ToProto":{"count":13,"self":0.000439,"total":0.00714,"children":{"GenerateSensorData":{"count":13,"self":0.00663,"total":0.0067009999999999995,"children":{"RayPerceptionSensor.Perceive":{"count":26,"self":7.0999999999999991E-05,"total":7.0999999999999991E-05,"children":null}}}}}},"gauges":{"RobotWave.CumulativeReward":{"count":13,"max":-2.509005,"min":-6.48914528,"runningAverage":-4.02930832,"value":-3.9689455,"weightedAverage":-4.196245}},"metadata":{"timer_format_version":"0.1.0","start_time_seconds":"1698794931","unity_version":"2022.3.5f1","command_line_arguments":"\/usr\/src\/unity\/unity_envs\/1\/env.x86_64 -nographics -batchmode --mlagents-port 50016 -logFile \/usr\/src\/results\/d61f2bb7-dc3e-47fb-8a06-030d07b96e06\/run_logs\/Player-0.log","communication_protocol_version":"1.5.0","com.unity.ml-agents_version":"2.3.0-exp.3","scene_name":"Academy","end_time_seconds":"1698795009"}}