{"count":1,"self":44.335167999999996,"total":125.201572,"children":{"InitializeActuators":{"count":8,"self":0.0019069999999999998,"total":0.0019069999999999998,"children":null},"InitializeSensors":{"count":8,"self":0.0030039999999999997,"total":0.0030039999999999997,"children":null},"AgentSendState":{"count":22617,"self":3.8554312,"total":15.29628,"children":{"CollectObservations":{"count":60312,"self":0.032359,"total":0.032359,"children":null},"WriteActionMask":{"count":60312,"self":0.033948,"total":0.033948,"children":null},"RequestDecision":{"count":60312,"self":0.14574199999999998,"total":11.374542,"children":{"AgentInfo.ToProto":{"count":60312,"self":0.167827,"total":11.2288,"children":{"GenerateSensorData":{"count":60312,"self":10.883251999999999,"total":11.060972999999999,"children":{"RayPerceptionSensor.Perceive":{"count":120624,"self":0.177721,"total":0.177721,"children":null}}}}}}}}},"DecideAction":{"count":22617,"self":64.175884799999992,"total":64.175888,"children":null},"AgentAct":{"count":22617,"self":1.334992,"total":1.334992,"children":null},"AgentInfo.ToProto":{"count":184,"self":0.001109,"total":0.053258,"children":{"GenerateSensorData":{"count":184,"self":0.051494,"total":0.052149,"children":{"RayPerceptionSensor.Perceive":{"count":368,"self":0.000655,"total":0.000655,"children":null}}}}}},"gauges":{"RobotWave.CumulativeReward":{"count":184,"max":-2.0656004,"min":-7.12604475,"runningAverage":-3.47975826,"value":-2.99981213,"weightedAverage":-3.97125959}},"metadata":{"timer_format_version":"0.1.0","start_time_seconds":"1697324782","unity_version":"2022.3.5f1","command_line_arguments":"\/usr\/src\/unity\/unity_envs\/1\/env.x86_64 -nographics -batchmode --mlagents-port 5000 -logFile \/usr\/src\/results\/7e03e0e4-bf82-4889-b81a-281b26b27ddc\/run_logs\/Player-0.log","communication_protocol_version":"1.5.0","com.unity.ml-agents_version":"2.3.0-exp.3","scene_name":"Academy","end_time_seconds":"1697324907"}}