{"count":1,"self":28.152255999999998,"total":65.637524,"children":{"InitializeActuators":{"count":8,"self":0.0017439999999999999,"total":0.0017439999999999999,"children":null},"InitializeSensors":{"count":8,"self":0.003496,"total":0.003496,"children":null},"AgentSendState":{"count":12633,"self":1.4921689999999999,"total":1.9045489999999998,"children":{"CollectObservations":{"count":20216,"self":0.011047999999999999,"total":0.011047999999999999,"children":null},"WriteActionMask":{"count":20216,"self":0.010073,"total":0.010073,"children":null},"RequestDecision":{"count":20216,"self":0.030059,"total":0.39125899999999997,"children":{"AgentInfo.ToProto":{"count":20216,"self":0.034699,"total":0.36119999999999997,"children":{"GenerateSensorData":{"count":20216,"self":0.270914,"total":0.326501,"children":{"RayPerceptionSensor.Perceive":{"count":40432,"self":0.055587,"total":0.055587,"children":null}}}}}}}}},"DecideAction":{"count":12633,"self":34.7122592,"total":34.712258,"children":null},"AgentAct":{"count":12633,"self":0.855084,"total":0.855084,"children":null},"AgentInfo.ToProto":{"count":141,"self":0.00084899999999999993,"total":0.00712,"children":{"GenerateSensorData":{"count":141,"self":0.005706,"total":0.006271,"children":{"RayPerceptionSensor.Perceive":{"count":282,"self":0.000565,"total":0.000565,"children":null}}}}}},"gauges":{"RobotWave.CumulativeReward":{"count":141,"max":-1.83659673,"min":-5.83058262,"runningAverage":-2.88390636,"value":-2.4432013,"weightedAverage":-2.636641}},"metadata":{"timer_format_version":"0.1.0","start_time_seconds":"1696781805","unity_version":"2022.3.5f1","command_line_arguments":"\/usr\/src\/unity\/unity_envs\/1\/env.x86_64 -nographics -batchmode --mlagents-port 5004 -logFile \/usr\/src\/results\/5ae5838a-d989-458b-8859-496efe8bf216\/run_logs\/Player-0.log","communication_protocol_version":"1.5.0","com.unity.ml-agents_version":"2.3.0-exp.3","scene_name":"Academy","end_time_seconds":"1696781871"}}