{"count":1,"self":13.892646399999999,"total":41.049608,"children":{"InitializeActuators":{"count":2,"self":0.001344,"total":0.001344,"children":null},"InitializeSensors":{"count":2,"self":0.002146,"total":0.002146,"children":null},"AgentSendState":{"count":15034,"self":0.628718,"total":2.742693,"children":{"CollectObservations":{"count":10024,"self":0.0049169999999999995,"total":0.0049169999999999995,"children":null},"WriteActionMask":{"count":10024,"self":0.00539,"total":0.00539,"children":null},"RequestDecision":{"count":10024,"self":0.027222999999999997,"total":2.103668,"children":{"AgentInfo.ToProto":{"count":10024,"self":0.030264,"total":2.076445,"children":{"GenerateSensorData":{"count":10024,"self":2.0164809999999997,"total":2.046181,"children":{"RayPerceptionSensor.Perceive":{"count":20048,"self":0.029699999999999997,"total":0.029699999999999997,"children":null}}}}}}}}},"DecideAction":{"count":15034,"self":24.133563199999998,"total":24.133563,"children":null},"AgentAct":{"count":15034,"self":0.273382,"total":0.273382,"children":null},"AgentInfo.ToProto":{"count":14,"self":5.9E-05,"total":0.003071,"children":{"GenerateSensorData":{"count":14,"self":0.002967,"total":0.003012,"children":{"RayPerceptionSensor.Perceive":{"count":28,"self":4.4999999999999996E-05,"total":4.4999999999999996E-05,"children":null}}}}}},"gauges":{"RobotWave.CumulativeReward":{"count":14,"max":-2.41580582,"min":-6.83091831,"runningAverage":-4.4252696,"value":-3.99032545,"weightedAverage":-4.41510153}},"metadata":{"timer_format_version":"0.1.0","start_time_seconds":"1698876979","unity_version":"2022.3.5f1","command_line_arguments":"\/usr\/src\/unity\/unity_envs\/1\/env.x86_64 -nographics -batchmode --mlagents-port 50017 -logFile \/usr\/src\/results\/55f4ff40-0a92-4fa6-93f7-131a8114e1d9\/run_logs\/Player-0.log","communication_protocol_version":"1.5.0","com.unity.ml-agents_version":"2.3.0-exp.3","scene_name":"Academy","end_time_seconds":"1698877020"}}